Front;Back;Tags
Qual é a arquitetura de resposta Nível 5 no OSCE TEMI?;Reconhecimento da gravidade → ABCDE/segurança → ações imediatas → hipóteses prioritárias → exames sem atrasar conduta → tratamento específico → reavaliação por metas → comunicação/equipe → plano B.;temi::osce
Como abordar choque indiferenciado em prova prática?;Reconhecer instabilidade, chamar ajuda, monitorizar, ABCDE, acessos, O2/ventilação, perfusão, fluidos se indicado, vasopressor se hipotensão persistente, POCUS/labs para fenótipo, tratar causa e reavaliar.;temi::choque::osce
Qual vasopressor de primeira linha no choque séptico?;Noradrenalina, com alvo inicial usual de PAM ≥65 mmHg e individualização conforme paciente.;temi::sepse::choque
Qual é o alvo clássico de pressão de platô na ventilação protetora em ARDS?;Pressão de platô <30 cmH2O, associada a Vt baixo por peso predito e reavaliação da driving pressure.;temi::vmi::ards
Quais componentes do DOPES na hipoxemia súbita do ventilado?;Displacement, Obstruction, Pneumothorax, Equipment, Stacking/auto-PEEP ou assincronia.;temi::vmi::emergencia
Quais são indicações clássicas de TRS na IRA?;"Refratários: hipercalemia, acidose, sobrecarga volêmica/hipoxemia, uremia/complicações, certas intoxicações; considerar contexto e tendência.";temi::renal
Como tratar hipercalemia grave com alteração eletrocardiográfica?;"Cálcio para estabilizar membrana; insulina+glicose e beta-agonista para shift; tratar causa; remover K com diurese/resinas selecionadas/diálise conforme gravidade.";temi::renal::ecg
Como iniciar resposta sobre morte encefálica?;"Confirmar pré-requisitos, excluir confundidores, seguir protocolo legal/institucional com exames clínicos por médicos habilitados e exame complementar quando exigido; comunicar família com clareza e documentar.";temi::neuro::etica
Qual checklist rápido de prontidão para extubação?;Causa melhorou, hemodinâmica estável, oxigenação/pH aceitáveis, drive, tosse/proteção VA, sedação/delirium controlados, TRE, plano pós-extubação.;temi::vmi::desmame
Qual é o laudo de ECG em 7 linhas?;Ritmo, frequência, eixo, intervalos, sobrecargas/bloqueios, isquemia/mimetizadores, diagnóstico+conduta no contexto.;temi::ecg
Como diferenciar pressão de pico alta por resistência vs complacência?;"Pico alto com platô normal sugere resistência/fluxo/tubo/broncoespasmo; pico e platô altos sugerem baixa complacência/ARDS/edema/pneumotórax/abdome.";temi::vmi
Qual é a lógica do POCUS em choque pelo mnemônico BOMB?;Bomba cardíaca, Obstrução, Missing volume/hipovolemia, Back pressure/congestão.;temi::pocus::choque
O que é VExUS?;Avaliação ultrassonográfica de congestão venosa integrando veia cava e Doppler venoso hepático, portal e renal, usada como apoio na avaliação de congestão/risco renal.;temi::pocus::hemodinamica
Quais são os pilares da primeira hora da sepse?;Reconhecimento, lactato/perfusão, culturas sem atrasar ATB, antimicrobiano precoce quando alta probabilidade/choque, fluidos selecionados, vasopressor se necessário, controle de fonte e reavaliação.;temi::sepse
Como abordar delirium na UTI?;Procurar causas, analgesia adequada, reduzir sedação, reorientação, sono, mobilização, óculos/aparelho auditivo, família, evitar benzodiazepínico salvo indicações, tratar dor/hipoxemia/infecção/metabólico.;temi::delirium
Qual é a pergunta clínica antes de usar POCUS?;Qual dúvida o exame vai responder e como o resultado mudará conduta imediata?;temi::pocus
Qual é o erro comum em prova teórica de paciente instável?;Pedir exames ou condutas definitivas antes de estabilização inicial/ABCDE e intervenções tempo-dependentes.;temi::prova
Como estudar questão errada?;Identificar pista, alternativa sedutora, erro cognitivo, regra de ouro, criar flashcard e refazer questão semelhante em D7.;temi::metodo
Qual meta prática de OSCE na reta final?;Treinar respostas de 90–150 segundos, 50 estações completas, nota média própria ≥4,2/5 e refazer piores estações.;temi::osce
Como manter estudo em plantão pelo método 5-8-5-2?;5 flashcards, 8 min de tema vital, 5 questões curtas, 2 min de OSCE falado.;temi::tdah::plantao
OSCE: como estruturar resposta para Choque séptico?;Cenário: Paciente com hipotensão, febre e lactato elevado. Conduza a primeira hora. Responder com: gravidade → ABCDE → ações imediatas → hipóteses → exames sem atrasar terapia → tratamento específico → metas de reavaliação → comunicação/equipe.;temi::osce::choque_s_ptico
OSCE: como estruturar resposta para Choque indiferenciado?;Cenário: Paciente crítico hipotenso sem diagnóstico definido. Estruture abordagem. Responder com: gravidade → ABCDE → ações imediatas → hipóteses → exames sem atrasar terapia → tratamento específico → metas de reavaliação → comunicação/equipe.;temi::osce::choque_indiferenciado
OSCE: como estruturar resposta para ARDS grave?;Cenário: Paciente ventilado com PaO2/FiO2 baixo apesar de suporte. Ajuste ventilação e resgate. Responder com: gravidade → ABCDE → ações imediatas → hipóteses → exames sem atrasar terapia → tratamento específico → metas de reavaliação → comunicação/equipe.;temi::osce::ards_grave
OSCE: como estruturar resposta para Hipoxemia súbita no ventilador?;Cenário: Paciente intubado dessatura rapidamente durante plantão. Responder com: gravidade → ABCDE → ações imediatas → hipóteses → exames sem atrasar terapia → tratamento específico → metas de reavaliação → comunicação/equipe.;temi::osce::hipoxemia_s_bita_no_ventilador
OSCE: como estruturar resposta para Asma grave ventilada?;Cenário: Paciente em ventilação invasiva com hiperinsuflação e acidose. Responder com: gravidade → ABCDE → ações imediatas → hipóteses → exames sem atrasar terapia → tratamento específico → metas de reavaliação → comunicação/equipe.;temi::osce::asma_grave_ventilada
OSCE: como estruturar resposta para DPOC exacerbado ventilado?;Cenário: Paciente hipercápnico com auto-PEEP e assincronia. Responder com: gravidade → ABCDE → ações imediatas → hipóteses → exames sem atrasar terapia → tratamento específico → metas de reavaliação → comunicação/equipe.;temi::osce::dpoc_exacerbado_ventilado
OSCE: como estruturar resposta para Desmame difícil?;Cenário: Paciente falha em teste de respiração espontânea. Responder com: gravidade → ABCDE → ações imediatas → hipóteses → exames sem atrasar terapia → tratamento específico → metas de reavaliação → comunicação/equipe.;temi::osce::desmame_dif_cil
OSCE: como estruturar resposta para Extubação planejada?;Cenário: Avalie prontidão e plano pós-extubação. Responder com: gravidade → ABCDE → ações imediatas → hipóteses → exames sem atrasar terapia → tratamento específico → metas de reavaliação → comunicação/equipe.;temi::osce::extuba_o_planejada
OSCE: como estruturar resposta para Taquicardia instável?;Cenário: Paciente com QRS largo, hipotenso e dor torácica. Responder com: gravidade → ABCDE → ações imediatas → hipóteses → exames sem atrasar terapia → tratamento específico → metas de reavaliação → comunicação/equipe.;temi::osce::taquicardia_inst_vel
OSCE: como estruturar resposta para Bradicardia instável?;Cenário: Paciente com bloqueio AV e sinais de choque. Responder com: gravidade → ABCDE → ações imediatas → hipóteses → exames sem atrasar terapia → tratamento específico → metas de reavaliação → comunicação/equipe.;temi::osce::bradicardia_inst_vel
OSCE: como estruturar resposta para PCR em ritmo chocável?;Cenário: Conduza atendimento inicial e pós-ROSC. Responder com: gravidade → ABCDE → ações imediatas → hipóteses → exames sem atrasar terapia → tratamento específico → metas de reavaliação → comunicação/equipe.;temi::osce::pcr_em_ritmo_choc_vel
OSCE: como estruturar resposta para Pós-PCR?;Cenário: Paciente retorna circulação espontânea. Organize cuidados pós-parada. Responder com: gravidade → ABCDE → ações imediatas → hipóteses → exames sem atrasar terapia → tratamento específico → metas de reavaliação → comunicação/equipe.;temi::osce::p_s_pcr
OSCE: como estruturar resposta para SCA com choque?;Cenário: Paciente com IAM e choque cardiogênico. Responder com: gravidade → ABCDE → ações imediatas → hipóteses → exames sem atrasar terapia → tratamento específico → metas de reavaliação → comunicação/equipe.;temi::osce::sca_com_choque
OSCE: como estruturar resposta para TEP maciço?;Cenário: Paciente com dispneia, choque e VD dilatado ao POCUS. Responder com: gravidade → ABCDE → ações imediatas → hipóteses → exames sem atrasar terapia → tratamento específico → metas de reavaliação → comunicação/equipe.;temi::osce::tep_maci_o
OSCE: como estruturar resposta para Tamponamento cardíaco?;Cenário: Paciente hipotenso, turgência jugular e derrame pericárdico. Responder com: gravidade → ABCDE → ações imediatas → hipóteses → exames sem atrasar terapia → tratamento específico → metas de reavaliação → comunicação/equipe.;temi::osce::tamponamento_card_aco
OSCE: como estruturar resposta para Dissecção de aorta?;Cenário: Dor torácica, déficit de pulso e instabilidade. Responder com: gravidade → ABCDE → ações imediatas → hipóteses → exames sem atrasar terapia → tratamento específico → metas de reavaliação → comunicação/equipe.;temi::osce::dissec_o_de_aorta
OSCE: como estruturar resposta para Hipercalemia grave?;Cenário: Paciente renal com K alto e ECG alterado. Responder com: gravidade → ABCDE → ações imediatas → hipóteses → exames sem atrasar terapia → tratamento específico → metas de reavaliação → comunicação/equipe.;temi::osce::hipercalemia_grave
OSCE: como estruturar resposta para Acidose metabólica grave?;Cenário: Paciente em choque com pH muito baixo. Responder com: gravidade → ABCDE → ações imediatas → hipóteses → exames sem atrasar terapia → tratamento específico → metas de reavaliação → comunicação/equipe.;temi::osce::acidose_metab_lica_grave
OSCE: como estruturar resposta para IRA e indicação de diálise?;Cenário: Defina indicações e modalidade. Responder com: gravidade → ABCDE → ações imediatas → hipóteses → exames sem atrasar terapia → tratamento específico → metas de reavaliação → comunicação/equipe.;temi::osce::ira_e_indica_o_de_di_lise
OSCE: como estruturar resposta para CRRT?;Cenário: Paciente instável necessitando terapia renal substitutiva. Responder com: gravidade → ABCDE → ações imediatas → hipóteses → exames sem atrasar terapia → tratamento específico → metas de reavaliação → comunicação/equipe.;temi::osce::crrt
OSCE: como estruturar resposta para Hiponatremia grave?;Cenário: Convulsão e Na muito baixo. Responder com: gravidade → ABCDE → ações imediatas → hipóteses → exames sem atrasar terapia → tratamento específico → metas de reavaliação → comunicação/equipe.;temi::osce::hiponatremia_grave
OSCE: como estruturar resposta para Cetoacidose diabética?;Cenário: Paciente com acidose, hiperglicemia e desidratação. Responder com: gravidade → ABCDE → ações imediatas → hipóteses → exames sem atrasar terapia → tratamento específico → metas de reavaliação → comunicação/equipe.;temi::osce::cetoacidose_diab_tica
OSCE: como estruturar resposta para Crise tireotóxica?;Cenário: Paciente febril, taquicárdico e delirante. Responder com: gravidade → ABCDE → ações imediatas → hipóteses → exames sem atrasar terapia → tratamento específico → metas de reavaliação → comunicação/equipe.;temi::osce::crise_tireot_xica
OSCE: como estruturar resposta para Insuficiência adrenal?;Cenário: Choque refratário e suspeita de crise adrenal. Responder com: gravidade → ABCDE → ações imediatas → hipóteses → exames sem atrasar terapia → tratamento específico → metas de reavaliação → comunicação/equipe.;temi::osce::insufici_ncia_adrenal
OSCE: como estruturar resposta para Estado de mal epiléptico?;Cenário: Crise persistente em UTI. Responder com: gravidade → ABCDE → ações imediatas → hipóteses → exames sem atrasar terapia → tratamento específico → metas de reavaliação → comunicação/equipe.;temi::osce::estado_de_mal_epil_ptico
OSCE: como estruturar resposta para Coma?;Cenário: Paciente com rebaixamento de consciência sem causa definida. Responder com: gravidade → ABCDE → ações imediatas → hipóteses → exames sem atrasar terapia → tratamento específico → metas de reavaliação → comunicação/equipe.;temi::osce::coma
OSCE: como estruturar resposta para TCE grave?;Cenário: Paciente politrauma com hipertensão intracraniana suspeita. Responder com: gravidade → ABCDE → ações imediatas → hipóteses → exames sem atrasar terapia → tratamento específico → metas de reavaliação → comunicação/equipe.;temi::osce::tce_grave
OSCE: como estruturar resposta para AVC agudo?;Cenário: Déficit focal agudo no hospital. Responder com: gravidade → ABCDE → ações imediatas → hipóteses → exames sem atrasar terapia → tratamento específico → metas de reavaliação → comunicação/equipe.;temi::osce::avc_agudo
OSCE: como estruturar resposta para Hemorragia intracraniana?;Cenário: Paciente anticoagulado com sangramento cerebral. Responder com: gravidade → ABCDE → ações imediatas → hipóteses → exames sem atrasar terapia → tratamento específico → metas de reavaliação → comunicação/equipe.;temi::osce::hemorragia_intracraniana
OSCE: como estruturar resposta para Morte encefálica?;Cenário: Explique protocolo e comunicação. Responder com: gravidade → ABCDE → ações imediatas → hipóteses → exames sem atrasar terapia → tratamento específico → metas de reavaliação → comunicação/equipe.;temi::osce::morte_encef_lica
OSCE: como estruturar resposta para Pancreatite grave?;Cenário: Paciente com choque, hipoxemia e dor abdominal. Responder com: gravidade → ABCDE → ações imediatas → hipóteses → exames sem atrasar terapia → tratamento específico → metas de reavaliação → comunicação/equipe.;temi::osce::pancreatite_grave
OSCE: como estruturar resposta para Hemorragia digestiva alta?;Cenário: Paciente com hematêmese e instabilidade. Responder com: gravidade → ABCDE → ações imediatas → hipóteses → exames sem atrasar terapia → tratamento específico → metas de reavaliação → comunicação/equipe.;temi::osce::hemorragia_digestiva_alta
OSCE: como estruturar resposta para Cirrose descompensada?;Cenário: Paciente cirrótico com sepse, encefalopatia e IRA. Responder com: gravidade → ABCDE → ações imediatas → hipóteses → exames sem atrasar terapia → tratamento específico → metas de reavaliação → comunicação/equipe.;temi::osce::cirrose_descompensada
OSCE: como estruturar resposta para Insuficiência hepática aguda?;Cenário: Paciente ictérico com INR alto e encefalopatia. Responder com: gravidade → ABCDE → ações imediatas → hipóteses → exames sem atrasar terapia → tratamento específico → metas de reavaliação → comunicação/equipe.;temi::osce::insufici_ncia_hep_tica_aguda
OSCE: como estruturar resposta para Nutrição na UTI?;Cenário: Paciente crítico ventilado há 48h. Planeje nutrição. Responder com: gravidade → ABCDE → ações imediatas → hipóteses → exames sem atrasar terapia → tratamento específico → metas de reavaliação → comunicação/equipe.;temi::osce::nutri_o_na_uti
OSCE: como estruturar resposta para Neutropenia febril?;Cenário: Paciente oncológico febril e hipotenso. Responder com: gravidade → ABCDE → ações imediatas → hipóteses → exames sem atrasar terapia → tratamento específico → metas de reavaliação → comunicação/equipe.;temi::osce::neutropenia_febril
OSCE: como estruturar resposta para CIVD?;Cenário: Paciente séptico com sangramento e plaquetopenia. Responder com: gravidade → ABCDE → ações imediatas → hipóteses → exames sem atrasar terapia → tratamento específico → metas de reavaliação → comunicação/equipe.;temi::osce::civd
OSCE: como estruturar resposta para Transfusão maciça?;Cenário: Trauma com sangramento ativo. Responder com: gravidade → ABCDE → ações imediatas → hipóteses → exames sem atrasar terapia → tratamento específico → metas de reavaliação → comunicação/equipe.;temi::osce::transfus_o_maci_a
OSCE: como estruturar resposta para HIT?;Cenário: Plaquetopenia em uso de heparina. Responder com: gravidade → ABCDE → ações imediatas → hipóteses → exames sem atrasar terapia → tratamento específico → metas de reavaliação → comunicação/equipe.;temi::osce::hit
OSCE: como estruturar resposta para Toxicologia opioide?;Cenário: Paciente com coma, miose e depressão respiratória. Responder com: gravidade → ABCDE → ações imediatas → hipóteses → exames sem atrasar terapia → tratamento específico → metas de reavaliação → comunicação/equipe.;temi::osce::toxicologia_opioide
OSCE: como estruturar resposta para Intoxicação tricíclico?;Cenário: QRS alargado e choque. Responder com: gravidade → ABCDE → ações imediatas → hipóteses → exames sem atrasar terapia → tratamento específico → metas de reavaliação → comunicação/equipe.;temi::osce::intoxica_o_tric_clico
OSCE: como estruturar resposta para Intoxicação por salicilato?;Cenário: Acidose mista e alteração neurológica. Responder com: gravidade → ABCDE → ações imediatas → hipóteses → exames sem atrasar terapia → tratamento específico → metas de reavaliação → comunicação/equipe.;temi::osce::intoxica_o_por_salicilato
OSCE: como estruturar resposta para Queimadura grave?;Cenário: Paciente queimado extenso na admissão. Responder com: gravidade → ABCDE → ações imediatas → hipóteses → exames sem atrasar terapia → tratamento específico → metas de reavaliação → comunicação/equipe.;temi::osce::queimadura_grave
OSCE: como estruturar resposta para Obstetrícia crítica?;Cenário: Gestante/puerpera com eclâmpsia e instabilidade. Responder com: gravidade → ABCDE → ações imediatas → hipóteses → exames sem atrasar terapia → tratamento específico → metas de reavaliação → comunicação/equipe.;temi::osce::obstetr_cia_cr_tica
OSCE: como estruturar resposta para Delirium hiperativo?;Cenário: Paciente ventilado agitado e inseguro. Responder com: gravidade → ABCDE → ações imediatas → hipóteses → exames sem atrasar terapia → tratamento específico → metas de reavaliação → comunicação/equipe.;temi::osce::delirium_hiperativo
OSCE: como estruturar resposta para Sedação e analgesia?;Cenário: Paciente ventilado com dor e assincronia. Responder com: gravidade → ABCDE → ações imediatas → hipóteses → exames sem atrasar terapia → tratamento específico → metas de reavaliação → comunicação/equipe.;temi::osce::seda_o_e_analgesia
OSCE: como estruturar resposta para Comunicação de má notícia?;Cenário: Família de paciente crítico com piora irreversível. Responder com: gravidade → ABCDE → ações imediatas → hipóteses → exames sem atrasar terapia → tratamento específico → metas de reavaliação → comunicação/equipe.;temi::osce::comunica_o_de_m_not_cia
OSCE: como estruturar resposta para Adequação de suporte?;Cenário: Paciente terminal com suporte desproporcional. Responder com: gravidade → ABCDE → ações imediatas → hipóteses → exames sem atrasar terapia → tratamento específico → metas de reavaliação → comunicação/equipe.;temi::osce::adequa_o_de_suporte
OSCE: como estruturar resposta para Conflito com família?;Cenário: Família exige tratamento fútil. Responder com: gravidade → ABCDE → ações imediatas → hipóteses → exames sem atrasar terapia → tratamento específico → metas de reavaliação → comunicação/equipe.;temi::osce::conflito_com_fam_lia
OSCE: como estruturar resposta para Gestão de surto de IRAS?;Cenário: Aumento de infecções relacionadas a cateter na UTI. Responder com: gravidade → ABCDE → ações imediatas → hipóteses → exames sem atrasar terapia → tratamento específico → metas de reavaliação → comunicação/equipe.;temi::osce::gest_o_de_surto_de_iras
Explique DO2/VO2 e choque oculto.;Responder ativamente: definição/gravidade → conduta inicial → conduta específica → reavaliação → pegadinha/contraindicação. Conferir fonte e personalizar este verso.;temi::fisiologia
Quando lactato não significa hipoperfusão?;Responder ativamente: definição/gravidade → conduta inicial → conduta específica → reavaliação → pegadinha/contraindicação. Conferir fonte e personalizar este verso.;temi::fisiologia
Como interpretar ScvO2 no choque?;Responder ativamente: definição/gravidade → conduta inicial → conduta específica → reavaliação → pegadinha/contraindicação. Conferir fonte e personalizar este verso.;temi::fisiologia
Como calcular peso predito?;Responder ativamente: definição/gravidade → conduta inicial → conduta específica → reavaliação → pegadinha/contraindicação. Conferir fonte e personalizar este verso.;temi::respirat_rio_vmi
Como diferenciar aumento de resistência vs redução de complacência nas pressões?;Responder ativamente: definição/gravidade → conduta inicial → conduta específica → reavaliação → pegadinha/contraindicação. Conferir fonte e personalizar este verso.;temi::respirat_rio_vmi
Qual abordagem da hipoxemia súbita no ventilador?;Responder ativamente: definição/gravidade → conduta inicial → conduta específica → reavaliação → pegadinha/contraindicação. Conferir fonte e personalizar este verso.;temi::respirat_rio_vmi
Quando pronar ARDS?;Responder ativamente: definição/gravidade → conduta inicial → conduta específica → reavaliação → pegadinha/contraindicação. Conferir fonte e personalizar este verso.;temi::respirat_rio_vmi
Como manejar auto-PEEP?;Responder ativamente: definição/gravidade → conduta inicial → conduta específica → reavaliação → pegadinha/contraindicação. Conferir fonte e personalizar este verso.;temi::respirat_rio_vmi
Como diferenciar choque séptico de cardiogênico no leito?;Responder ativamente: definição/gravidade → conduta inicial → conduta específica → reavaliação → pegadinha/contraindicação. Conferir fonte e personalizar este verso.;temi::choque
Quais endpoints de ressuscitação?;Responder ativamente: definição/gravidade → conduta inicial → conduta específica → reavaliação → pegadinha/contraindicação. Conferir fonte e personalizar este verso.;temi::choque
Quando iniciar noradrenalina?;Responder ativamente: definição/gravidade → conduta inicial → conduta específica → reavaliação → pegadinha/contraindicação. Conferir fonte e personalizar este verso.;temi::choque
Como avaliar responsividade a fluidos?;Responder ativamente: definição/gravidade → conduta inicial → conduta específica → reavaliação → pegadinha/contraindicação. Conferir fonte e personalizar este verso.;temi::choque
Qual sequência da primeira hora da sepse?;Responder ativamente: definição/gravidade → conduta inicial → conduta específica → reavaliação → pegadinha/contraindicação. Conferir fonte e personalizar este verso.;temi::sepse_atb
Como decidir cobertura antimicrobiana empírica?;Responder ativamente: definição/gravidade → conduta inicial → conduta específica → reavaliação → pegadinha/contraindicação. Conferir fonte e personalizar este verso.;temi::sepse_atb
Quando fazer controle de fonte?;Responder ativamente: definição/gravidade → conduta inicial → conduta específica → reavaliação → pegadinha/contraindicação. Conferir fonte e personalizar este verso.;temi::sepse_atb
Como descalonar antibiótico?;Responder ativamente: definição/gravidade → conduta inicial → conduta específica → reavaliação → pegadinha/contraindicação. Conferir fonte e personalizar este verso.;temi::sepse_atb
Indicações clássicas de TRS?;Responder ativamente: definição/gravidade → conduta inicial → conduta específica → reavaliação → pegadinha/contraindicação. Conferir fonte e personalizar este verso.;temi::renal
Como manejar hipercalemia grave?;Responder ativamente: definição/gravidade → conduta inicial → conduta específica → reavaliação → pegadinha/contraindicação. Conferir fonte e personalizar este verso.;temi::renal
CRRT vs hemodiálise intermitente: quando escolher?;Responder ativamente: definição/gravidade → conduta inicial → conduta específica → reavaliação → pegadinha/contraindicação. Conferir fonte e personalizar este verso.;temi::renal
Como ajustar antibiótico na IRA?;Responder ativamente: definição/gravidade → conduta inicial → conduta específica → reavaliação → pegadinha/contraindicação. Conferir fonte e personalizar este verso.;temi::renal
Manejo de taquicardia instável?;Responder ativamente: definição/gravidade → conduta inicial → conduta específica → reavaliação → pegadinha/contraindicação. Conferir fonte e personalizar este verso.;temi::cardio
Como conduzir choque cardiogênico?;Responder ativamente: definição/gravidade → conduta inicial → conduta específica → reavaliação → pegadinha/contraindicação. Conferir fonte e personalizar este verso.;temi::cardio
Quando suspeitar TEP maciço?;Responder ativamente: definição/gravidade → conduta inicial → conduta específica → reavaliação → pegadinha/contraindicação. Conferir fonte e personalizar este verso.;temi::cardio
Cuidados pós-PCR?;Responder ativamente: definição/gravidade → conduta inicial → conduta específica → reavaliação → pegadinha/contraindicação. Conferir fonte e personalizar este verso.;temi::cardio
Abordagem do coma?;Responder ativamente: definição/gravidade → conduta inicial → conduta específica → reavaliação → pegadinha/contraindicação. Conferir fonte e personalizar este verso.;temi::neuro
Tratamento do estado de mal epiléptico?;Responder ativamente: definição/gravidade → conduta inicial → conduta específica → reavaliação → pegadinha/contraindicação. Conferir fonte e personalizar este verso.;temi::neuro
Medidas para hipertensão intracraniana?;Responder ativamente: definição/gravidade → conduta inicial → conduta específica → reavaliação → pegadinha/contraindicação. Conferir fonte e personalizar este verso.;temi::neuro
Passos do protocolo de morte encefálica?;Responder ativamente: definição/gravidade → conduta inicial → conduta específica → reavaliação → pegadinha/contraindicação. Conferir fonte e personalizar este verso.;temi::neuro
Manejo inicial de HDA instável?;Responder ativamente: definição/gravidade → conduta inicial → conduta específica → reavaliação → pegadinha/contraindicação. Conferir fonte e personalizar este verso.;temi::gastro_hepato
Pancreatite grave: o que mata?;Responder ativamente: definição/gravidade → conduta inicial → conduta específica → reavaliação → pegadinha/contraindicação. Conferir fonte e personalizar este verso.;temi::gastro_hepato
Como abordar cirrótico séptico com IRA?;Responder ativamente: definição/gravidade → conduta inicial → conduta específica → reavaliação → pegadinha/contraindicação. Conferir fonte e personalizar este verso.;temi::gastro_hepato
Quando suspeitar isquemia mesentérica?;Responder ativamente: definição/gravidade → conduta inicial → conduta específica → reavaliação → pegadinha/contraindicação. Conferir fonte e personalizar este verso.;temi::gastro_hepato
Como manejar CIVD?;Responder ativamente: definição/gravidade → conduta inicial → conduta específica → reavaliação → pegadinha/contraindicação. Conferir fonte e personalizar este verso.;temi::hemato
Quando transfundir hemácias no crítico?;Responder ativamente: definição/gravidade → conduta inicial → conduta específica → reavaliação → pegadinha/contraindicação. Conferir fonte e personalizar este verso.;temi::hemato
Como suspeitar HIT?;Responder ativamente: definição/gravidade → conduta inicial → conduta específica → reavaliação → pegadinha/contraindicação. Conferir fonte e personalizar este verso.;temi::hemato
Como estruturar transfusão maciça?;Responder ativamente: definição/gravidade → conduta inicial → conduta específica → reavaliação → pegadinha/contraindicação. Conferir fonte e personalizar este verso.;temi::hemato
Como comunicar má notícia?;Responder ativamente: definição/gravidade → conduta inicial → conduta específica → reavaliação → pegadinha/contraindicação. Conferir fonte e personalizar este verso.;temi::_tica_paliativos
Como documentar adequação de suporte?;Responder ativamente: definição/gravidade → conduta inicial → conduta específica → reavaliação → pegadinha/contraindicação. Conferir fonte e personalizar este verso.;temi::_tica_paliativos
Como lidar com conflito familiar?;Responder ativamente: definição/gravidade → conduta inicial → conduta específica → reavaliação → pegadinha/contraindicação. Conferir fonte e personalizar este verso.;temi::_tica_paliativos
Como diferenciar limitação de suporte de abandono?;Responder ativamente: definição/gravidade → conduta inicial → conduta específica → reavaliação → pegadinha/contraindicação. Conferir fonte e personalizar este verso.;temi::_tica_paliativos
Indicadores de qualidade em UTI?;Responder ativamente: definição/gravidade → conduta inicial → conduta específica → reavaliação → pegadinha/contraindicação. Conferir fonte e personalizar este verso.;temi::gest_o
Prevenção de PAV?;Responder ativamente: definição/gravidade → conduta inicial → conduta específica → reavaliação → pegadinha/contraindicação. Conferir fonte e personalizar este verso.;temi::gest_o
Prevenção de infecção de cateter?;Responder ativamente: definição/gravidade → conduta inicial → conduta específica → reavaliação → pegadinha/contraindicação. Conferir fonte e personalizar este verso.;temi::gest_o
Como passar plantão com segurança?;Responder ativamente: definição/gravidade → conduta inicial → conduta específica → reavaliação → pegadinha/contraindicação. Conferir fonte e personalizar este verso.;temi::gest_o
Como usar RUSH no choque?;Responder ativamente: definição/gravidade → conduta inicial → conduta específica → reavaliação → pegadinha/contraindicação. Conferir fonte e personalizar este verso.;temi::pocus
Quais achados de pneumotórax no USG?;Responder ativamente: definição/gravidade → conduta inicial → conduta específica → reavaliação → pegadinha/contraindicação. Conferir fonte e personalizar este verso.;temi::pocus
Como usar VExUS?;Responder ativamente: definição/gravidade → conduta inicial → conduta específica → reavaliação → pegadinha/contraindicação. Conferir fonte e personalizar este verso.;temi::pocus
Limitações da IVC?;Responder ativamente: definição/gravidade → conduta inicial → conduta específica → reavaliação → pegadinha/contraindicação. Conferir fonte e personalizar este verso.;temi::pocus
Critérios de TV vs TSV aberrante?;Responder ativamente: definição/gravidade → conduta inicial → conduta específica → reavaliação → pegadinha/contraindicação. Conferir fonte e personalizar este verso.;temi::ecg
ECG de hipercalemia?;Responder ativamente: definição/gravidade → conduta inicial → conduta específica → reavaliação → pegadinha/contraindicação. Conferir fonte e personalizar este verso.;temi::ecg
Equivalentes de STEMI?;Responder ativamente: definição/gravidade → conduta inicial → conduta específica → reavaliação → pegadinha/contraindicação. Conferir fonte e personalizar este verso.;temi::ecg
Como manejar BAVT instável?;Responder ativamente: definição/gravidade → conduta inicial → conduta específica → reavaliação → pegadinha/contraindicação. Conferir fonte e personalizar este verso.;temi::ecg
Quais são as três primeiras condutas em choque séptico quando há instabilidade?;Responder ativamente: definição/gravidade → conduta inicial → conduta específica → reavaliação → pegadinha/contraindicação. Conferir fonte e personalizar este verso.;temi::integra_o
Quais achados indicam gravidade em choque séptico?;Responder ativamente: definição/gravidade → conduta inicial → conduta específica → reavaliação → pegadinha/contraindicação. Conferir fonte e personalizar este verso.;temi::integra_o
Qual conduta comum é perigosa em choque séptico?;Responder ativamente: definição/gravidade → conduta inicial → conduta específica → reavaliação → pegadinha/contraindicação. Conferir fonte e personalizar este verso.;temi::integra_o
Como esse tema seria cobrado em OSCE: choque séptico?;Responder ativamente: definição/gravidade → conduta inicial → conduta específica → reavaliação → pegadinha/contraindicação. Conferir fonte e personalizar este verso.;temi::integra_o
Qual parâmetro deve ser reavaliado após intervenção em choque séptico?;Responder ativamente: definição/gravidade → conduta inicial → conduta específica → reavaliação → pegadinha/contraindicação. Conferir fonte e personalizar este verso.;temi::integra_o
Quais são as três primeiras condutas em ARDS quando há instabilidade?;Responder ativamente: definição/gravidade → conduta inicial → conduta específica → reavaliação → pegadinha/contraindicação. Conferir fonte e personalizar este verso.;temi::integra_o
Quais achados indicam gravidade em ARDS?;Responder ativamente: definição/gravidade → conduta inicial → conduta específica → reavaliação → pegadinha/contraindicação. Conferir fonte e personalizar este verso.;temi::integra_o
Qual conduta comum é perigosa em ARDS?;Responder ativamente: definição/gravidade → conduta inicial → conduta específica → reavaliação → pegadinha/contraindicação. Conferir fonte e personalizar este verso.;temi::integra_o
Como esse tema seria cobrado em OSCE: ARDS?;Responder ativamente: definição/gravidade → conduta inicial → conduta específica → reavaliação → pegadinha/contraindicação. Conferir fonte e personalizar este verso.;temi::integra_o
Qual parâmetro deve ser reavaliado após intervenção em ARDS?;Responder ativamente: definição/gravidade → conduta inicial → conduta específica → reavaliação → pegadinha/contraindicação. Conferir fonte e personalizar este verso.;temi::integra_o
Quais são as três primeiras condutas em DPOC ventilado quando há instabilidade?;Responder ativamente: definição/gravidade → conduta inicial → conduta específica → reavaliação → pegadinha/contraindicação. Conferir fonte e personalizar este verso.;temi::integra_o
Quais achados indicam gravidade em DPOC ventilado?;Responder ativamente: definição/gravidade → conduta inicial → conduta específica → reavaliação → pegadinha/contraindicação. Conferir fonte e personalizar este verso.;temi::integra_o
Qual conduta comum é perigosa em DPOC ventilado?;Responder ativamente: definição/gravidade → conduta inicial → conduta específica → reavaliação → pegadinha/contraindicação. Conferir fonte e personalizar este verso.;temi::integra_o
Como esse tema seria cobrado em OSCE: DPOC ventilado?;Responder ativamente: definição/gravidade → conduta inicial → conduta específica → reavaliação → pegadinha/contraindicação. Conferir fonte e personalizar este verso.;temi::integra_o
Qual parâmetro deve ser reavaliado após intervenção em DPOC ventilado?;Responder ativamente: definição/gravidade → conduta inicial → conduta específica → reavaliação → pegadinha/contraindicação. Conferir fonte e personalizar este verso.;temi::integra_o
Quais são as três primeiras condutas em asma grave quando há instabilidade?;Responder ativamente: definição/gravidade → conduta inicial → conduta específica → reavaliação → pegadinha/contraindicação. Conferir fonte e personalizar este verso.;temi::integra_o
Quais achados indicam gravidade em asma grave?;Responder ativamente: definição/gravidade → conduta inicial → conduta específica → reavaliação → pegadinha/contraindicação. Conferir fonte e personalizar este verso.;temi::integra_o
Qual conduta comum é perigosa em asma grave?;Responder ativamente: definição/gravidade → conduta inicial → conduta específica → reavaliação → pegadinha/contraindicação. Conferir fonte e personalizar este verso.;temi::integra_o
Como esse tema seria cobrado em OSCE: asma grave?;Responder ativamente: definição/gravidade → conduta inicial → conduta específica → reavaliação → pegadinha/contraindicação. Conferir fonte e personalizar este verso.;temi::integra_o
Qual parâmetro deve ser reavaliado após intervenção em asma grave?;Responder ativamente: definição/gravidade → conduta inicial → conduta específica → reavaliação → pegadinha/contraindicação. Conferir fonte e personalizar este verso.;temi::integra_o
Quais são as três primeiras condutas em hipercalemia quando há instabilidade?;Responder ativamente: definição/gravidade → conduta inicial → conduta específica → reavaliação → pegadinha/contraindicação. Conferir fonte e personalizar este verso.;temi::integra_o
Quais achados indicam gravidade em hipercalemia?;Responder ativamente: definição/gravidade → conduta inicial → conduta específica → reavaliação → pegadinha/contraindicação. Conferir fonte e personalizar este verso.;temi::integra_o
Qual conduta comum é perigosa em hipercalemia?;Responder ativamente: definição/gravidade → conduta inicial → conduta específica → reavaliação → pegadinha/contraindicação. Conferir fonte e personalizar este verso.;temi::integra_o
Como esse tema seria cobrado em OSCE: hipercalemia?;Responder ativamente: definição/gravidade → conduta inicial → conduta específica → reavaliação → pegadinha/contraindicação. Conferir fonte e personalizar este verso.;temi::integra_o
Qual parâmetro deve ser reavaliado após intervenção em hipercalemia?;Responder ativamente: definição/gravidade → conduta inicial → conduta específica → reavaliação → pegadinha/contraindicação. Conferir fonte e personalizar este verso.;temi::integra_o
Quais são as três primeiras condutas em acidose metabólica quando há instabilidade?;Responder ativamente: definição/gravidade → conduta inicial → conduta específica → reavaliação → pegadinha/contraindicação. Conferir fonte e personalizar este verso.;temi::integra_o
Quais achados indicam gravidade em acidose metabólica?;Responder ativamente: definição/gravidade → conduta inicial → conduta específica → reavaliação → pegadinha/contraindicação. Conferir fonte e personalizar este verso.;temi::integra_o
Qual conduta comum é perigosa em acidose metabólica?;Responder ativamente: definição/gravidade → conduta inicial → conduta específica → reavaliação → pegadinha/contraindicação. Conferir fonte e personalizar este verso.;temi::integra_o
Como esse tema seria cobrado em OSCE: acidose metabólica?;Responder ativamente: definição/gravidade → conduta inicial → conduta específica → reavaliação → pegadinha/contraindicação. Conferir fonte e personalizar este verso.;temi::integra_o
Qual parâmetro deve ser reavaliado após intervenção em acidose metabólica?;Responder ativamente: definição/gravidade → conduta inicial → conduta específica → reavaliação → pegadinha/contraindicação. Conferir fonte e personalizar este verso.;temi::integra_o
Quais são as três primeiras condutas em pós-PCR quando há instabilidade?;Responder ativamente: definição/gravidade → conduta inicial → conduta específica → reavaliação → pegadinha/contraindicação. Conferir fonte e personalizar este verso.;temi::integra_o
Quais achados indicam gravidade em pós-PCR?;Responder ativamente: definição/gravidade → conduta inicial → conduta específica → reavaliação → pegadinha/contraindicação. Conferir fonte e personalizar este verso.;temi::integra_o
Qual conduta comum é perigosa em pós-PCR?;Responder ativamente: definição/gravidade → conduta inicial → conduta específica → reavaliação → pegadinha/contraindicação. Conferir fonte e personalizar este verso.;temi::integra_o
Como esse tema seria cobrado em OSCE: pós-PCR?;Responder ativamente: definição/gravidade → conduta inicial → conduta específica → reavaliação → pegadinha/contraindicação. Conferir fonte e personalizar este verso.;temi::integra_o
Qual parâmetro deve ser reavaliado após intervenção em pós-PCR?;Responder ativamente: definição/gravidade → conduta inicial → conduta específica → reavaliação → pegadinha/contraindicação. Conferir fonte e personalizar este verso.;temi::integra_o
Quais são as três primeiras condutas em TEP maciço quando há instabilidade?;Responder ativamente: definição/gravidade → conduta inicial → conduta específica → reavaliação → pegadinha/contraindicação. Conferir fonte e personalizar este verso.;temi::integra_o
Quais achados indicam gravidade em TEP maciço?;Responder ativamente: definição/gravidade → conduta inicial → conduta específica → reavaliação → pegadinha/contraindicação. Conferir fonte e personalizar este verso.;temi::integra_o
Qual conduta comum é perigosa em TEP maciço?;Responder ativamente: definição/gravidade → conduta inicial → conduta específica → reavaliação → pegadinha/contraindicação. Conferir fonte e personalizar este verso.;temi::integra_o
Como esse tema seria cobrado em OSCE: TEP maciço?;Responder ativamente: definição/gravidade → conduta inicial → conduta específica → reavaliação → pegadinha/contraindicação. Conferir fonte e personalizar este verso.;temi::integra_o
Qual parâmetro deve ser reavaliado após intervenção em TEP maciço?;Responder ativamente: definição/gravidade → conduta inicial → conduta específica → reavaliação → pegadinha/contraindicação. Conferir fonte e personalizar este verso.;temi::integra_o
Quais são as três primeiras condutas em choque cardiogênico quando há instabilidade?;Responder ativamente: definição/gravidade → conduta inicial → conduta específica → reavaliação → pegadinha/contraindicação. Conferir fonte e personalizar este verso.;temi::integra_o
Quais achados indicam gravidade em choque cardiogênico?;Responder ativamente: definição/gravidade → conduta inicial → conduta específica → reavaliação → pegadinha/contraindicação. Conferir fonte e personalizar este verso.;temi::integra_o
Qual conduta comum é perigosa em choque cardiogênico?;Responder ativamente: definição/gravidade → conduta inicial → conduta específica → reavaliação → pegadinha/contraindicação. Conferir fonte e personalizar este verso.;temi::integra_o
Como esse tema seria cobrado em OSCE: choque cardiogênico?;Responder ativamente: definição/gravidade → conduta inicial → conduta específica → reavaliação → pegadinha/contraindicação. Conferir fonte e personalizar este verso.;temi::integra_o
Qual parâmetro deve ser reavaliado após intervenção em choque cardiogênico?;Responder ativamente: definição/gravidade → conduta inicial → conduta específica → reavaliação → pegadinha/contraindicação. Conferir fonte e personalizar este verso.;temi::integra_o
Quais são as três primeiras condutas em delirium quando há instabilidade?;Responder ativamente: definição/gravidade → conduta inicial → conduta específica → reavaliação → pegadinha/contraindicação. Conferir fonte e personalizar este verso.;temi::integra_o
Quais achados indicam gravidade em delirium?;Responder ativamente: definição/gravidade → conduta inicial → conduta específica → reavaliação → pegadinha/contraindicação. Conferir fonte e personalizar este verso.;temi::integra_o
Qual conduta comum é perigosa em delirium?;Responder ativamente: definição/gravidade → conduta inicial → conduta específica → reavaliação → pegadinha/contraindicação. Conferir fonte e personalizar este verso.;temi::integra_o
Como esse tema seria cobrado em OSCE: delirium?;Responder ativamente: definição/gravidade → conduta inicial → conduta específica → reavaliação → pegadinha/contraindicação. Conferir fonte e personalizar este verso.;temi::integra_o
Qual parâmetro deve ser reavaliado após intervenção em delirium?;Responder ativamente: definição/gravidade → conduta inicial → conduta específica → reavaliação → pegadinha/contraindicação. Conferir fonte e personalizar este verso.;temi::integra_o
Quais são as três primeiras condutas em morte encefálica quando há instabilidade?;Responder ativamente: definição/gravidade → conduta inicial → conduta específica → reavaliação → pegadinha/contraindicação. Conferir fonte e personalizar este verso.;temi::integra_o
Quais achados indicam gravidade em morte encefálica?;Responder ativamente: definição/gravidade → conduta inicial → conduta específica → reavaliação → pegadinha/contraindicação. Conferir fonte e personalizar este verso.;temi::integra_o
Qual conduta comum é perigosa em morte encefálica?;Responder ativamente: definição/gravidade → conduta inicial → conduta específica → reavaliação → pegadinha/contraindicação. Conferir fonte e personalizar este verso.;temi::integra_o
Como esse tema seria cobrado em OSCE: morte encefálica?;Responder ativamente: definição/gravidade → conduta inicial → conduta específica → reavaliação → pegadinha/contraindicação. Conferir fonte e personalizar este verso.;temi::integra_o
Qual parâmetro deve ser reavaliado após intervenção em morte encefálica?;Responder ativamente: definição/gravidade → conduta inicial → conduta específica → reavaliação → pegadinha/contraindicação. Conferir fonte e personalizar este verso.;temi::integra_o
Quais são as três primeiras condutas em nutrição enteral quando há instabilidade?;Responder ativamente: definição/gravidade → conduta inicial → conduta específica → reavaliação → pegadinha/contraindicação. Conferir fonte e personalizar este verso.;temi::integra_o
Quais achados indicam gravidade em nutrição enteral?;Responder ativamente: definição/gravidade → conduta inicial → conduta específica → reavaliação → pegadinha/contraindicação. Conferir fonte e personalizar este verso.;temi::integra_o
Qual conduta comum é perigosa em nutrição enteral?;Responder ativamente: definição/gravidade → conduta inicial → conduta específica → reavaliação → pegadinha/contraindicação. Conferir fonte e personalizar este verso.;temi::integra_o
Como esse tema seria cobrado em OSCE: nutrição enteral?;Responder ativamente: definição/gravidade → conduta inicial → conduta específica → reavaliação → pegadinha/contraindicação. Conferir fonte e personalizar este verso.;temi::integra_o
Qual parâmetro deve ser reavaliado após intervenção em nutrição enteral?;Responder ativamente: definição/gravidade → conduta inicial → conduta específica → reavaliação → pegadinha/contraindicação. Conferir fonte e personalizar este verso.;temi::integra_o
Quais são as três primeiras condutas em pancreatite grave quando há instabilidade?;Responder ativamente: definição/gravidade → conduta inicial → conduta específica → reavaliação → pegadinha/contraindicação. Conferir fonte e personalizar este verso.;temi::integra_o
Quais achados indicam gravidade em pancreatite grave?;Responder ativamente: definição/gravidade → conduta inicial → conduta específica → reavaliação → pegadinha/contraindicação. Conferir fonte e personalizar este verso.;temi::integra_o
Qual conduta comum é perigosa em pancreatite grave?;Responder ativamente: definição/gravidade → conduta inicial → conduta específica → reavaliação → pegadinha/contraindicação. Conferir fonte e personalizar este verso.;temi::integra_o
Como esse tema seria cobrado em OSCE: pancreatite grave?;Responder ativamente: definição/gravidade → conduta inicial → conduta específica → reavaliação → pegadinha/contraindicação. Conferir fonte e personalizar este verso.;temi::integra_o
Qual parâmetro deve ser reavaliado após intervenção em pancreatite grave?;Responder ativamente: definição/gravidade → conduta inicial → conduta específica → reavaliação → pegadinha/contraindicação. Conferir fonte e personalizar este verso.;temi::integra_o
Quais são as três primeiras condutas em cirrose na UTI quando há instabilidade?;Responder ativamente: definição/gravidade → conduta inicial → conduta específica → reavaliação → pegadinha/contraindicação. Conferir fonte e personalizar este verso.;temi::integra_o
Quais achados indicam gravidade em cirrose na UTI?;Responder ativamente: definição/gravidade → conduta inicial → conduta específica → reavaliação → pegadinha/contraindicação. Conferir fonte e personalizar este verso.;temi::integra_o
Qual conduta comum é perigosa em cirrose na UTI?;Responder ativamente: definição/gravidade → conduta inicial → conduta específica → reavaliação → pegadinha/contraindicação. Conferir fonte e personalizar este verso.;temi::integra_o
